channel_id,channel_name,channel_created_at,country,description_len,subscriber_count,total_view_count,total_video_count,uploads_playlist_id,channel_category,note,channel_age_years,subscriber_tier,avg_views_per_video,video_count_dataset,total_views_dataset,avg_views_per_video_dataset,median_views_per_video,avg_engagement_rate,short_form_count,viral_count,commercial_count,first_video_date,last_video_date,short_form_ratio
UC5ezaYrzZpyItPSRG27MLpg,POPS Kids,2014-01-14 10:34:15.000000,VN,614,20000000,14543614187,4414,UU5ezaYrzZpyItPSRG27MLpg,Kids,POPS Kids,12.31,Mega,3294883.0,600,145647057,242745.095,26471.0,0.0065684666666666666,242,0,0,2025-11-13 10:01:18,2026-05-07 04:00:44,0.4033
UC7JqmPfPHcfHKN7ZOZCflKQ,BingGo Leaders,2015-05-16 03:02:30.000000,VN,508,18800000,26936008527,1594,UU7JqmPfPHcfHKN7ZOZCflKQ,Kids,BingGo Leaders,10.98,Mega,16898374.0,600,9834530590,16390884.316666666,2937290.0,0.010058891485809683,570,94,1,2024-10-22 12:01:16,2026-05-06 12:01:10,0.95
UC6eq3sR4CtbvGdmInchzWUA,Kênh Thiếu Nhi - BHMEDIA,2014-05-05 09:12:44.000000,VN,864,14800000,13938784264,10846,UU6eq3sR4CtbvGdmInchzWUA,Kids,Kênh Thiếu Nhi BHMEDIA,12.0,Mega,1285154.0,600,139501102,232501.83666666667,26246.0,0.0017432833333333334,144,0,0,2025-10-22 23:30:00,2026-05-07 02:25:21,0.24
UCA7QBnEDwHAEFTQpaNDT5Iw,BabyBus - Nhạc thiếu nhi,2019-03-13 08:44:49.000000,VN,942,9590000,10491337128,1617,UUA7QBnEDwHAEFTQpaNDT5Iw,Kids,BabyBus - Nhạc thiếu nhi,7.15,Large,6488149.0,600,769756207,1282927.0116666667,643434.5,0.0023632,137,1,0,2024-03-22 09:24:30,2026-05-06 10:15:00,0.2283
UCl0sZ8DxC35w46AaEpQRTxg,Củ Cải Thối,2020-03-22 11:41:35.597546,VN,189,20000000,14283444975,2523,UUl0sZ8DxC35w46AaEpQRTxg,Kids,Củ Cải Thối,6.12,Mega,5661294.0,600,760956345,1268260.575,111563.5,0.006349491666666667,593,5,0,2026-01-04 02:15:09,2026-05-07 05:00:09,0.9883
UCotnhpvYSd-pUAdrb0ceKZw,Thầy Huy Kid Dance,2023-06-27 07:55:03.772407,VN,102,6570000,7327826038,2090,UUotnhpvYSd-pUAdrb0ceKZw,Kids,Thầy Huy Kid Dance,2.86,Large,3506137.0,600,4731944796,7886574.66,2814704.0,0.008654541666666666,593,38,0,2025-07-26 08:00:59,2026-05-07 03:01:00,0.9883
UClLz5ZzYuTMSMziJtwQ5fGA,5 PHÚT THỦ CÔNG,2018-10-09 07:36:23.000000,VN,293,7000000,2658737307,6153,UUlLz5ZzYuTMSMziJtwQ5fGA,Kids,5 PHÚT THỦ CÔNG,7.58,Large,432104.0,600,4515605,7526.008333333333,1269.0,0.005244023333333334,13,0,0,2025-02-15 09:00:41,2026-05-06 12:00:54,0.0217
UCd0neB_LB1xpwIYDetX2qTg,Cris Devil Gamer,2014-05-13 12:23:32.000000,VN,377,11300000,3398459389,1673,UUd0neB_LB1xpwIYDetX2qTg,Gaming,Cris Devil Gamer,11.98,Mega,2031356.0,600,415860132,693100.22,336593.0,0.026724293823038398,257,1,1,2022-11-01 11:06:01,2026-05-05 04:23:41,0.4283
UCA_23dkEYToAc37hjSsCnXA,MixiGaming,2012-11-24 01:45:34.000000,VN,355,8230000,4281036777,3793,UUA_23dkEYToAc37hjSsCnXA,Gaming,MixiGaming,13.45,Large,1128668.0,600,351079978,585133.2966666666,559107.0,0.015204084999999999,148,0,8,2025-04-01 10:00:42,2026-05-05 19:07:40,0.2467
UCtr3boXbtzcDAzY9b6M25NA,SlenderMan™,2017-01-10 12:14:25.000000,VN,34,7810000,6960333121,3759,UUtr3boXbtzcDAzY9b6M25NA,Gaming,SlenderMan™,9.32,Large,1851645.0,600,157964209,263273.68166666664,199615.5,0.009517765,0,0,0,2024-09-12 11:20:00,2026-05-06 11:01:38,0.0
UCtT5uP2WIGxyP0MYCC_ZHtQ,Oops Hiha,2013-04-12 02:16:37.000000,VN,260,6640000,4263966112,2927,UUtT5uP2WIGxyP0MYCC_ZHtQ,Gaming,Oops Hiha,13.07,Large,1456770.0,600,665480810,1109134.6833333333,987307.0,0.01222169,63,0,0,2024-12-17 11:30:06,2026-05-06 13:21:25,0.105
UCh2lo0AEEMkJ3LO4dldfjGA,Mèo Simmy,2014-07-16 07:27:55.000000,VN,137,6330000,2685046275,2100,UUh2lo0AEEMkJ3LO4dldfjGA,Gaming,Mèo Simmy,11.81,Large,1278593.0,600,767176471,1278627.4516666667,767880.0,0.015078958333333335,93,1,1,2024-01-12 12:30:25,2026-05-05 11:37:32,0.155
UC_-mvlzR-E0UNWs6O8TgThQ,RedhoodVN,2017-04-13 14:26:58.000000,VN,745,7440000,3313593264,672,UU_-mvlzR-E0UNWs6O8TgThQ,Gaming,RedhoodVN,9.06,Large,4930942.0,600,2940822805,4901371.341666667,3541965.0,0.023684838063439066,20,3,0,2018-04-22 01:28:33,2026-01-25 21:19:53,0.0333
UCk6zjonUuEBj88vpHaj8HlA,Dương FG,2015-02-03 08:46:52.000000,VN,133,2240000,969473136,2069,UUk6zjonUuEBj88vpHaj8HlA,Gaming,Dương FG,11.25,Large,468571.0,600,181090951,301818.25166666665,197790.0,0.029296181969949917,32,0,1,2022-08-22 13:59:58,2026-04-25 11:35:05,0.0533
UCUgXK2UjZ8G_EM438aYkGrw,POPS MUSIC,2013-03-25 07:42:10.000000,VN,427,10400000,7306901703,12861,UUUgXK2UjZ8G_EM438aYkGrw,Music,POPS MUSIC,13.12,Mega,568144.0,600,63857458,106429.09666666666,6553.5,0.014119228333333332,409,0,1,2022-01-24 12:00:12,2026-04-29 06:50:31,0.6817
UCbIZSalhHyz3RNWj2wowzdQ,Hau Hoang,2014-01-17 17:00:34.000000,VN,289,8370000,3694440149,365,UUbIZSalhHyz3RNWj2wowzdQ,Music,Hau Hoang,12.3,Large,10121754.0,366,3694940880,10095466.885245902,362781.5,0.018625287671232876,291,37,0,2017-02-19 10:37:22,2025-12-26 11:01:55,0.7951
UCI2OiZs5aVcyBUBVsgovzng,YEAH1 MUSIC,2014-12-04 09:49:55.000000,VN,440,3430000,2596221631,2120,UUI2OiZs5aVcyBUBVsgovzng,Music,YEAH1 MUSIC,11.42,Large,1224633.0,600,124776621,207961.035,17741.5,0.017850773333333333,182,0,1,2024-12-23 01:00:06,2026-04-29 12:00:35,0.3033
UClyA28-01x4z60eWQ2kiNbA,Sơn Tùng M-TP Official,2015-01-21 02:38:32.000000,VN,535,11500000,3565019668,199,UUlyA28-01x4z60eWQ2kiNbA,Music,Sơn Tùng M-TP Official,11.29,Mega,17914672.0,199,3390811536,17039253.949748743,970283.0,0.03743082914572864,70,20,4,2015-01-30 11:15:17,2024-08-11 13:11:00,0.3518
UCWu91J5KWEj1bQhCBuGeJxw,Đen Vâu Official,2014-08-25 16:24:54.000000,VN,74,5220000,2162184416,149,UUWu91J5KWEj1bQhCBuGeJxw,Music,Đen Vâu Official,11.7,Large,14511305.0,149,2128458071,14284953.496644296,686989.0,0.02223340268456376,55,19,0,2015-04-22 12:35:07,2026-04-04 23:01:02,0.3691
UCBZjBKNMZoFih4ubdiIDWLw,NhacPro Tube,2015-03-03 03:25:45.000000,VN,71,6640000,3550841031,473,UUBZjBKNMZoFih4ubdiIDWLw,Music,NhacPro Tube,11.18,Large,7507063.0,473,3550939555,7507271.786469345,352922.0,0.008998890063424947,83,39,0,2015-03-03 03:53:44,2026-05-05 12:01:45,0.1755
UChUJa1JyBc7Lc4orkiNKKQg,J97,2020-02-17 07:35:05.089403,VN,481,6380000,1003001043,43,UUhUJa1JyBc7Lc4orkiNKKQg,Music,J97,6.22,Large,23325606.0,43,1003269755,23331854.76744186,5194569.0,0.038762279069767445,17,8,0,2020-02-17 12:30:10,2026-02-24 04:11:34,0.3953
UC0jDoh3tVXCaqJ6oTve8ebA,FAPTV,2014-02-26 15:44:42.000000,VN,828,14500000,6060597911,2390,UU0jDoh3tVXCaqJ6oTve8ebA,Comedy,FAPTV,12.19,Mega,2535815.0,600,205117290,341862.15,57427.5,0.011659451666666666,554,0,0,2025-08-21 05:15:01,2026-05-07 08:00:16,0.9233
UCq6ApdQI0roaprMAY1gZTgw,Ghiền Mì Gõ,2015-06-30 05:41:24.000000,VN,266,6900000,4487371203,2331,UUq6ApdQI0roaprMAY1gZTgw,Comedy,Ghiền Mì Gõ,10.85,Large,1925084.0,600,65362386,108937.31,25500.5,0.010223984899328858,256,0,2,2023-10-24 02:00:18,2026-05-07 07:15:36,0.4267
UCwmurIyZ6FHyVPtKppe_2_A,DIEN QUAN Comedy / Hài,2014-12-17 06:57:46.000000,VN,248,6310000,4491177901,10137,UUwmurIyZ6FHyVPtKppe_2_A,Comedy,DIEN QUAN Comedy,11.39,Large,443048.0,600,20036618,33394.363333333335,7679.0,0.004943705,305,0,0,2026-02-14 01:00:35,2026-05-07 08:00:57,0.5083
UCF3zCyOModLIKG1C9mg4hsQ,KHƯƠNG DỪA CHANNEL,2018-02-03 04:47:47.000000,VN,441,5600000,3146361107,7296,UUF3zCyOModLIKG1C9mg4hsQ,Comedy,KHƯƠNG DỪA CHANNEL,8.25,Large,431245.0,600,53405168,89008.61333333333,44385.0,0.010728660000000001,365,0,0,2026-01-23 01:00:58,2026-05-07 05:00:36,0.6083
UCqL0-EknCK4m5pHrH79fOcw,TRẤN THÀNH TOWN,2014-08-16 09:47:07.000000,VN,502,5950000,1793730641,1118,UUqL0-EknCK4m5pHrH79fOcw,Comedy,Trấn Thành Town,11.72,Large,1604410.0,600,236929700,394882.8333333333,74406.0,0.019368222036727882,448,1,0,2022-04-17 12:43:40,2026-04-16 13:00:51,0.7467
UCoySKWOQJZT2zj95aTWn6ZA,Ken Khểnh,2019-10-21 10:40:34.242776,VN,121,5290000,3574029084,1026,UUoySKWOQJZT2zj95aTWn6ZA,Comedy,Ken Khểnh,6.54,Large,3483459.0,600,1011834418,1686390.6966666668,421810.0,0.019798968333333333,558,5,9,2023-07-02 12:57:15,2026-05-05 11:19:24,0.93
UCJtEP0GoT7Xndn3LZKrgVxA,Phim Hài Hay - Phim Hài Việt,2016-01-15 08:03:33.000000,VN,261,4460000,2158922356,3496,UUJtEP0GoT7Xndn3LZKrgVxA,Comedy,Phim Hài Hay - Phim Hài Việt,10.31,Large,617541.0,600,48430373,80717.28833333333,7994.0,0.004645966611018364,151,0,0,2025-01-05 12:00:44,2026-05-07 04:45:01,0.2517
UConnM5zwOP9vG_LPTYbRsAg,Lâm Vlog,2016-03-12 18:24:04.000000,VN,551,11200000,4550300904,743,UUonnM5zwOP9vG_LPTYbRsAg,Vlog,Lâm Vlog,10.15,Mega,6124227.0,600,3894309804,6490516.34,5584145.5,0.017831608333333332,0,6,7,2019-01-28 12:06:49,2026-05-06 11:00:06,0.0
UCiZJtnTQunvoY0xgv-Ce_rg,NTN,2016-05-04 11:08:43.000000,VN,221,10300000,2575169140,419,UUiZJtnTQunvoY0xgv-Ce_rg,Vlog,NTN,10.0,Mega,6145988.0,419,2575185800,6146028.162291169,4731748.0,0.02232854415274463,14,6,1,2016-05-05 05:00:05,2026-04-20 07:34:08,0.0334
UC7mc9-vty5WAeIYi0PIkONg,PHD - Phương Hữu Dưỡng,2017-03-16 16:05:50.000000,VN,294,9690000,5683261891,1389,UU7mc9-vty5WAeIYi0PIkONg,Vlog,PHD - Phương Hữu Dưỡng,9.14,Large,4091621.0,600,1238160476,2063600.7933333332,1442461.0,0.011192861666666666,84,2,1,2021-09-09 03:22:28,2026-05-06 04:01:00,0.14
UCeqMTpWWdiA9wpEfKMFb4jg,FLife TV,2020-05-11 05:09:50.161068,VN,139,7690000,3158498882,252,UUeqMTpWWdiA9wpEfKMFb4jg,Vlog,FLife TV,5.99,Large,12533726.0,252,3158812941,12534971.988095239,5268303.5,0.004628662698412699,24,22,0,2020-10-07 12:00:06,2026-04-30 13:01:49,0.0952
UCkG3QIDOyl6HF7EYudJ3JJg,Challenge Me - Hãy Thách Thức Tôi,2014-10-27 08:12:35.000000,VN,34,4310000,1681212797,1391,UUkG3QIDOyl6HF7EYudJ3JJg,Vlog,Challenge Me - Hãy Thách Thức Tôi,11.53,Large,1208636.0,600,319021854,531703.09,293794.0,0.011561489999999999,194,0,0,2022-05-03 12:00:03,2026-05-06 11:01:00,0.3233
UCZE88kYvCKUKjM-G0uc8Duw,Khoai Lang Thang,2017-02-06 11:56:14.000000,VN,450,3360000,819454129,274,UUZE88kYvCKUKjM-G0uc8Duw,Vlog,Khoai Lang Thang,9.24,Large,2990708.0,275,819645333,2980528.4836363634,2681654.0,0.014192558394160584,32,0,0,2017-02-21 20:40:27,2026-04-18 23:16:39,0.1164
UCBhgBmuPFbLLxnejr09lnAQ,HOA BAN FOOD,2013-01-29 15:45:18.000000,VN,307,3000000,1367427890,945,UUBhgBmuPFbLLxnejr09lnAQ,Vlog,HOA BAN FOOD,13.26,Large,1447014.0,600,625542313,1042570.5216666666,779492.0,0.012940278333333333,102,0,1,2018-01-05 06:55:25,2026-05-05 04:22:40,0.17
UCabsTV34JwALXKGMqHpvUiA,VTV24,2016-02-17 07:33:02.000000,VN,429,6900000,5749427333,56701,UUabsTV34JwALXKGMqHpvUiA,News,VTV24,10.22,Large,101399.0,600,17612038,29353.396666666667,11499.0,0.006757393333333334,186,0,2,2026-04-14 05:00:15,2026-05-07 08:00:50,0.31
UCIg56SgvoZF8Qg0Jx_gh6Pg,ANTV - Truyền hình Công an Nhân dân,2015-06-04 03:07:19.000000,VN,756,8140000,4617000575,92427,UUIg56SgvoZF8Qg0Jx_gh6Pg,News,ANTV,10.92,Large,49953.0,600,2785560,4642.6,1052.5,0.00777702,304,0,0,2026-04-25 23:30:16,2026-05-07 07:00:36,0.5067
UCIW9cGgoRuGJnky3K3tbzNg,Báo Thanh Niên,2016-04-08 04:47:52.000000,VN,524,6320000,6450137337,79978,UUIW9cGgoRuGJnky3K3tbzNg,News,Báo Thanh Niên,10.08,Large,80649.0,600,10813849,18023.081666666665,8321.5,0.008597269491525424,118,0,1,2026-04-22 05:30:06,2026-05-07 08:19:54,0.1967
UCbq8aOyj9ZtIqcD-0MwG1fQ,HTV Entertainment,2014-08-01 18:36:41.000000,VN,130,7020000,2604452975,19803,UUbq8aOyj9ZtIqcD-0MwG1fQ,News,HTV Entertainment,11.76,Large,131518.0,600,5286521,8810.868333333334,1476.0,0.007840263333333333,283,0,0,2026-01-22 03:00:36,2026-05-07 02:00:35,0.4717
UCUmRGR3a-g13O6pG927KQmg,Tin24h,2019-09-05 07:52:44.000000,VN,678,5720000,1497213699,41867,UUUmRGR3a-g13O6pG927KQmg,News,Tin24h,6.67,Large,35761.0,600,17631086,29385.143333333333,18184.5,0.004552528333333333,215,0,0,2026-03-26 01:00:06,2026-05-07 05:16:06,0.3583
UC47WI-kZXFf0H_f7pvaNCEQ,Báo Tuổi Trẻ,2017-07-07 07:16:01.000000,VN,464,3170000,4401096722,70487,UU47WI-kZXFf0H_f7pvaNCEQ,News,Báo Tuổi Trẻ,8.83,Large,62438.0,600,23710620,39517.7,17755.5,0.00638448,503,0,0,2026-04-15 10:01:02,2026-05-07 08:00:31,0.8383
UClYUCB6tyZl50_7OcbgUHCA,VẤN ĐỀ HÔM NAY,2013-10-15 03:47:37.000000,VN,264,3600000,3129199055,38917,UUlYUCB6tyZl50_7OcbgUHCA,News,VẤN ĐỀ HÔM NAY,12.56,Large,80407.0,600,20124999,33541.665,19334.0,0.03649747666666667,20,0,0,2026-04-16 10:51:10,2026-05-07 07:15:07,0.0333
UCf6gW1swSLhhsSQaOGNcM5w,VFacts,2018-07-03 17:50:10.000000,VN,50,1550000,53801228,400,UUf6gW1swSLhhsSQaOGNcM5w,Education,VFacts,7.84,Large,134503.0,401,53839673,134263.52369077306,99712.0,0.0214520075,1,0,0,2018-07-20 17:29:48,2026-05-06 11:40:26,0.0025
UCRsd_L7wBGdHLhfacuy3QVw,Spiderum,2016-03-25 18:05:52.000000,VN,299,1180000,314441359,3135,UURsd_L7wBGdHLhfacuy3QVw,Education,Spiderum,10.11,Large,100300.0,600,40235078,67058.46333333333,26373.5,0.01587481,214,0,0,2025-05-14 11:00:48,2026-05-07 05:15:02,0.3567
UCYUxXTReKV5jh2-YKQ5k72g,THẦY LIÊM,2011-03-23 09:22:03.000000,VN,509,1390000,416049822,14626,UUYUxXTReKV5jh2-YKQ5k72g,Education,THẦY LIÊM,15.12,Large,28446.0,600,2721123,4535.205,2424.0,0.012461068333333334,0,0,0,2025-10-14 12:45:06,2026-05-06 12:25:06,0.0
UCvclE98tzIK1SiIp8vYa2ew,THẦY QUANG,2014-11-06 05:05:47.000000,VN,999,1770000,304336122,10196,UUvclE98tzIK1SiIp8vYa2ew,Education,THẦY QUANG,11.5,Large,29849.0,600,568904,948.1733333333333,348.0,0.024172095,38,0,0,2025-06-25 12:15:06,2026-05-06 13:00:06,0.0633
UC8h--mX9QLj7oXUPevacblQ,CHÂN DUNG LỊCH SỬ,2017-01-30 18:31:34.000000,VN,972,686000,287440404,2850,UU8h--mX9QLj7oXUPevacblQ,Education,CHÂN DUNG LỊCH SỬ,9.26,Mid,100856.0,600,15667126,26111.876666666667,3612.0,0.009700881469115193,142,0,0,2024-05-29 10:33:33,2026-05-07 04:46:28,0.2367
UC2fYM0Crqi_6nsdzR9e3EnA,VietJack Tiểu học & THCS,2020-12-29 09:29:11.011157,VN,537,1010000,286386330,21066,UU2fYM0Crqi_6nsdzR9e3EnA,Education,VietJack Tiểu học & THCS,5.35,Large,13595.0,600,294257,490.42833333333334,195.5,0.007221999999999999,19,0,0,2026-02-12 01:24:09,2026-05-06 12:00:51,0.0317
UCORwVnph7TK6rmyKozkV8_g,Vietcetera,2016-04-03 06:45:20.000000,VN,477,964000,205296711,2703,UUORwVnph7TK6rmyKozkV8_g,Education,Vietcetera,10.09,Mid,75951.0,600,20732104,34553.50666666667,11387.0,0.018466636666666664,473,0,0,2025-01-31 13:00:06,2026-05-06 13:00:36,0.7883
UC9xeuekJd88ku9LDcmGdUOA,Kplus Sports,2019-08-15 04:49:59.000000,VN,153,3260000,2993930005,15838,UU9xeuekJd88ku9LDcmGdUOA,Sports,Kplus Sports,6.73,Large,189035.0,600,174749660,291249.43333333335,45302.0,0.007199810000000001,332,0,0,2025-08-15 20:15:21,2026-01-01 01:01:14,0.5533
UCrXy3yI0blu7JC5O84_eggg,Cộng đồng cầu lông Việt Nam - VN Badminton,2019-06-13 01:14:08.000000,VN,763,993000,1671583712,4853,UUrXy3yI0blu7JC5O84_eggg,Sports,Cộng đồng cầu lông Việt Nam - VN Badminton,6.9,Mid,344443.0,600,112946961,188244.935,49528.5,0.012558546666666667,436,0,11,2025-12-06 14:01:32,2026-05-07 04:30:40,0.7267
UCljFFNaQoJWeP91Bz4m_3bw,FPT Bóng Đá Việt,2021-05-31 08:51:44.923703,VN,595,2770000,1433935839,13152,UUljFFNaQoJWeP91Bz4m_3bw,Sports,FPT Bóng Đá Việt,4.93,Large,109028.0,600,34086635,56811.058333333334,14317.5,0.0,260,0,19,2026-03-15 11:39:41,2026-05-07 08:00:38,0.4333
UCFF85Rdo1MqYCFxfmByBOdw,Đỗ Kim Phúc - Freestyle Football,2016-10-27 09:13:04.000000,VN,821,2730000,1252936967,1462,UUFF85Rdo1MqYCFxfmByBOdw,Sports,Đỗ Kim Phúc - Freestyle Football,9.52,Large,857002.0,600,448584793,747641.3216666667,219331.0,0.008873477462437395,271,0,0,2022-03-29 13:12:21,2026-05-06 10:29:24,0.4517
UC4LvrpNXujjbGOS4RDvr41g,FPT Bóng Đá,2017-12-18 03:31:54.000000,VN,443,1700000,1218582375,7577,UU4LvrpNXujjbGOS4RDvr41g,Sports,FPT Bóng Đá,8.38,Large,160826.0,600,79265715,132109.525,34951.5,0.007042433333333333,407,0,0,2026-02-23 01:00:20,2026-05-07 04:30:36,0.6783
UCyIOLARJsMYFbQ-7-P-4DIA,Vlog Minh Hải,2009-08-23 04:14:26.000000,VN,887,1300000,843773464,5015,UUyIOLARJsMYFbQ-7-P-4DIA,Sports,Vlog Minh Hải,16.7,Large,168250.0,600,65523027,109205.045,94051.0,0.039682543333333334,9,0,0,2025-05-04 16:13:18,2026-05-06 13:52:21,0.015
UCQqSJr6WYH0Bq7mrlFhzWDw,BLV Anh Quân,2016-05-23 13:06:23.000000,VN,313,1440000,810941583,6351,UUQqSJr6WYH0Bq7mrlFhzWDw,Sports,BLV Anh Quân,9.95,Large,127687.0,600,43326979,72211.63166666667,61250.5,0.009219165,0,0,0,2025-10-31 02:52:45,2026-05-07 03:23:33,0.0
